Name,Province,Town,Address,CoordenatesXETRS89,CoordenatesYETRS89,Latitude,Longitude
3 DE MARZO,Araba/Alava,Vitoria-Gasteiz,"Plaza Tres de Marzo. s/n","527141.4365","4744882.8893","42.85604797053618","-2.667784994714487"
ABANTO,Bizkaia,Abanto y CiÃ©rvana-Abanto Zierbena,"Avda. del Minero. 2. Ayuntamiento","493987.175","4796406.558","43.32047399433485","-3.0741559961978044"
AGURAIN,Araba/Ã�lava,Agurain/Salvatierra,"C/ Fueros. 11. SubcomisarÃ­a de la Ertzaintza.","549539.1393","4744226.3688","42.84901250588428","-2.3937033896081683"
ALGORTA (BBIZI2),Bizkaia,Getxo,"Carretera de Galea. s/n ","498154","4801022","43.362055748944286","-3.0227822073211765"
ALONSOTEGI,Bizkaia,Alonsotegi,"C/ Baztieta. s/n. BÂº Irauregi","500972.2158","4788307.4677","43.247567997964374","-2.988024000380936"
ANDOAIN,Gipuzkoa,Andoain,"Ikastola Aita larramendi","579321","4785862","43.22137866586519","-2.02332524753123"
ARRAIZ (Monte),Bizkaia,Bilbao,"Camino de Arraiz. s/n","503208.6894","4788084.4656","43.245553729819484","-2.960475856567045"
ATEGORRIETA,Gipuzkoa,Donostia / San SebastiÃ¡n,"Avda. Ategorrieta. 71","584272.2271","4797096.9139","43.32199194732484","-1.960650618338729"
AV. GASTEIZ,Araba/Ã�lava,Vitoria-Gasteiz,"Avda. Gasteiz. 97","526086.031","4744738.1348","42.85478118366939","-2.6807098224581067"
