<?xml version="1.0" encoding="UTF-8" standalone="no"?><stations>
   <station id="1">
      <Address>Plaza Tres de Marzo, s/n</Address>
      <CoordenatesXETRS89>527141,4365</CoordenatesXETRS89>
      <CoordenatesYETRS89>4744882,8893</CoordenatesYETRS89>
      <Latitude>42,85604797053618</Latitude>
      <Longitude>-2,667784994714487</Longitude>
      <Name>3 DE MARZO</Name>
      <Province>Araba</Province>
      <Town>Vitoria-Gasteiz</Town>
   </station>
   <station id="2">
      <Address>Avda. del Minero, 2. Ayuntamiento</Address>
      <CoordenatesXETRS89>493987,175</CoordenatesXETRS89>
      <CoordenatesYETRS89>4796406,558</CoordenatesYETRS89>
      <Latitude>43,32047399433485</Latitude>
      <Longitude>-3,0741559961978044</Longitude>
      <Name>ABANTO</Name>
      <Province>Bizkaia</Province>
      <Town>Abanto y Cirvana-Abanto Zierbena</Town>
   </station>
   <station id="3">
      <Address>C/ Fueros, 11. Subcomisaria de la Ertzaintza.</Address>
      <CoordenatesXETRS89>549539,1393</CoordenatesXETRS89>
      <CoordenatesYETRS89>4744226,3688</CoordenatesYETRS89>
      <Latitude>42,84901250588428</Latitude>
      <Longitude>-2,3937033896081683</Longitude>
      <Name>AGURAIN</Name>
      <Province>Araba</Province>
      <Town>Agurain/Salvatierra</Town>
   </station>
   <station>
      <Address>Carretera de Galea, s/n </Address>
      <CoordenatesXETRS89>498154</CoordenatesXETRS89>
      <CoordenatesYETRS89>4801022</CoordenatesYETRS89>
      <Latitude>43,362055748944286</Latitude>
      <Longitude>-3,0227822073211765</Longitude>
      <Name>ALGORTA (BBIZI2)</Name>
      <Province>Bizkaia</Province>
      <Town>Getxo</Town>
   </station>
   <station>
      <Address>C/ Baztieta, s/n.Irauregi</Address>
      <CoordenatesXETRS89>500972,2158</CoordenatesXETRS89>
      <CoordenatesYETRS89>4788307,4677</CoordenatesYETRS89>
      <Latitude>43,247567997964374</Latitude>
      <Longitude>-2,988024000380936</Longitude>
      <Name>ALONSOTEGI</Name>
      <Province>Bizkaia</Province>
      <Town>Alonsotegi</Town>
   </station>
   <station>
      <Address>Ikastola Aita larramendi</Address>
      <CoordenatesXETRS89>579321</CoordenatesXETRS89>
      <CoordenatesYETRS89>4785862</CoordenatesYETRS89>
      <Latitude>43,22137866586519</Latitude>
      <Longitude>-2,02332524753123</Longitude>
      <Name>ANDOAIN</Name>
      <Province>Gipuzkoa</Province>
      <Town>Andoain</Town>
   </station>
   <station>
      <Address>Camino de Arraiz, s/n</Address>
      <CoordenatesXETRS89>503208,6894</CoordenatesXETRS89>
      <CoordenatesYETRS89>4788084,4656</CoordenatesYETRS89>
      <Latitude>43,245553729819484</Latitude>
      <Longitude>-2,960475856567045</Longitude>
      <Name>ARRAIZ (Monte)</Name>
      <Province>Bizkaia</Province>
      <Town>Bilbao</Town>
   </station>
   <station>
      <Address>Parque Zelaieta </Address>
      <CoordenatesXETRS89>521563,7353</CoordenatesXETRS89>
      <CoordenatesYETRS89>4785158,5803</CoordenatesYETRS89>
      <Latitude>43,21890568490462</Latitude>
      <Longitude>-2,7344969803118295</Longitude>
      <Name>ZELAIETA PARQUE</Name>
      <Province>Bizkaia</Province>
      <Town>Amorebieta-Etxano</Town>
   </station>
   <station>
      <Address>Grupo Izazpi 3, 6 </Address>
      <CoordenatesXETRS89>555656,194</CoordenatesXETRS89>
      <CoordenatesYETRS89>4770489,269</CoordenatesYETRS89>
      <Latitude>43,08507598449891</Latitude>
      <Longitude>-2,316228856182885</Longitude>
      <Name>ZUMARRAGA</Name>
      <Province>Gipuzkoa</Province>
      <Town>Zumarraga</Town>
   </station>
</stations>