[{"Name" : "3 DE MARZO",
  "Province" : "Araba/Alava",
  "Town" : "Vitoria-Gasteiz",
  "Address" : "Plaza Tres de Marzo, s/n",
  "CoordenatesXETRS89" : "527141,4365",
  "CoordenatesYETRS89" : "4744882,8893",
  "Latitude" : "42,85604797053618",
  "Longitude" : "-2,667784994714487"
},
{
  "Name" : "ABANTO",
  "Province" : "Bizkaia",
  "Town" : "Abanto y Ciervana-Abanto Zierbena",
  "Address" : "Avda. del Minero, 2. Ayuntamiento",
  "CoordenatesXETRS89" : "493987,175",
  "CoordenatesYETRS89" : "4796406,558",
  "Latitude" : "43,32047399433485",
  "Longitude" : "-3,0741559961978044"
},
{
  "Name" : "AGURAIN",
  "Province" : "Araba/Alava",
  "Town" : "Agurain/Salvatierra",
  "Address" : "C/ Fueros, 11. Subcomisaría de la Ertzaintza.",
  "CoordenatesXETRS89" : "549539,1393",
  "CoordenatesYETRS89" : "4744226,3688",
  "Latitude" : "42,84901250588428",
  "Longitude" : "-2,3937033896081683"
}{
  "Name" : "ALGORTA (BBIZI2)",
  "Province" : "Bizkaia",
  "Town" : "Getxo",
  "Address" : "Carretera de Galea, s/n ",
  "CoordenatesXETRS89" : "498154",
  "CoordenatesYETRS89" : "4801022",
  "Latitude" : "43,362055748944286",
  "Longitude" : "-3,0227822073211765"
},
{
  "Name" : "ALONSOTEGI",
  "Province" : "Bizkaia",
  "Town" : "Alonsotegi",
  "Address" : "C/ Baztieta, s/n. Bº Irauregi",
  "CoordenatesXETRS89" : "500972,2158",
  "CoordenatesYETRS89" : "4788307,4677",
  "Latitude" : "43,247567997964374",
  "Longitude" : "-2,988024000380936"
},
{
  "Name" : "ANDOAIN",
  "Province" : "Gipuzkoa",
  "Town" : "Andoain",
  "Address" : "Ikastola Aita larramendi",
  "CoordenatesXETRS89" : "579321",
  "CoordenatesYETRS89" : "4785862",
  "Latitude" : "43,22137866586519",
  "Longitude" : "-2,02332524753123"
},
{
  "Name" : "ARRAIZ (Monte)",
  "Province" : "Bizkaia",
  "Town" : "Bilbao",
  "Address" : "Camino de Arraiz, s/n",
  "CoordenatesXETRS89" : "503208,6894",
  "CoordenatesYETRS89" : "4788084,4656",
  "Latitude" : "43,245553729819484",
  "Longitude" : "-2,960475856567045"
},
{
  "Name" : "ATEGORRIETA",
  "Province" : "Gipuzkoa",
  "Town" : "Donostia / San Sebastián",
  "Address" : "Avda. Ategorrieta, 71",
  "CoordenatesXETRS89" : "584272,2271",
  "CoordenatesYETRS89" : "4797096,9139",
  "Latitude" : "43,32199194732484",
  "Longitude" : "-1,960650618338729"
},
{
  "Name" : "AV. GASTEIZ",
  "Province" : "Araba/Álava",
  "Town" : "Vitoria-Gasteiz",
  "Address" : "Avda. Gasteiz, 97",
  "CoordenatesXETRS89" : "526086,031",
  "CoordenatesYETRS89" : "4744738,1348",
  "Latitude" : "42,85478118366939",
  "Longitude" : "-2,6807098224581067"
},
{
  "Name" : "AVDA. TOLOSA",
  "Province" : "Gipuzkoa",
  "Town" : "Donostia / San Sebastián",
  "Address" : "C/ Andrestegi, 2 ",
  "CoordenatesXETRS89" : "580211,325",
  "CoordenatesYETRS89" : "4795650,4773",
  "Latitude" : "43,30941344063433",
  "Longitude" : "-2,010938423674493"
},]