<?xml version="1.0" encoding="UTF-8"?>
<stations>
   <station id="1">
      <Address>Plaza Tres de Marzo, s/n</Address>
      <CoordenatesXETRS89>527141,4365</CoordenatesXETRS89>
      <CoordenatesYETRS89>4744882,8893</CoordenatesYETRS89>
      <Latitude>42,85604797053618</Latitude>
      <Longitude>-2,667784994714487</Longitude>
      <Name>3 DE MARZO</Name>
      <Province>Araba</Province>
      <Town>Vitoria-Gasteiz</Town>
   </station>
   <station id="2">
      <Address>Avda. del Minero, 2. Ayuntamiento</Address>
      <CoordenatesXETRS89>493987,175</CoordenatesXETRS89>
      <CoordenatesYETRS89>4796406,558</CoordenatesYETRS89>
      <Latitude>43,32047399433485</Latitude>
      <Longitude>-3,0741559961978044</Longitude>
      <Name>ABANTO</Name>
      <Province>Bizkaia</Province>
      <Town>Abanto y Cirvana-Abanto Zierbena</Town>
   </station>
   <station id="3">
      <Address>C/ Fueros, 11. Subcomisaria de la Ertzaintza.</Address>
      <CoordenatesXETRS89>549539,1393</CoordenatesXETRS89>
      <CoordenatesYETRS89>4744226,3688</CoordenatesYETRS89>
      <Latitude>42,84901250588428</Latitude>
      <Longitude>-2,3937033896081683</Longitude>
      <Name>AGURAIN</Name>
      <Province>Araba</Province>
      <Town>Agurain/Salvatierra</Town>
   </station>
   <station>
      <Address>Carretera de Galea, s/n </Address>
      <CoordenatesXETRS89>498154</CoordenatesXETRS89>
      <CoordenatesYETRS89>4801022</CoordenatesYETRS89>
      <Latitude>43,362055748944286</Latitude>
      <Longitude>-3,0227822073211765</Longitude>
      <Name>ALGORTA (BBIZI2)</Name>
      <Province>Bizkaia</Province>
      <Town>Getxo</Town>
   </station>
   <station>
      <Address>C/ Baztieta, s/n.Irauregi</Address>
      <CoordenatesXETRS89>500972,2158</CoordenatesXETRS89>
      <CoordenatesYETRS89>4788307,4677</CoordenatesYETRS89>
      <Latitude>43,247567997964374</Latitude>
      <Longitude>-2,988024000380936</Longitude>
      <Name>ALONSOTEGI</Name>
      <Province>Bizkaia</Province>
      <Town>Alonsotegi</Town>
   </station>
   <station>
      <Address>Ikastola Aita larramendi</Address>
      <CoordenatesXETRS89>579321</CoordenatesXETRS89>
      <CoordenatesYETRS89>4785862</CoordenatesYETRS89>
      <Latitude>43,22137866586519</Latitude>
      <Longitude>-2,02332524753123</Longitude>
      <Name>ANDOAIN</Name>
      <Province>Gipuzkoa</Province>
      <Town>Andoain</Town>
   </station>
   <station>
      <Address>Camino de Arraiz, s/n</Address>
      <CoordenatesXETRS89>503208,6894</CoordenatesXETRS89>
      <CoordenatesYETRS89>4788084,4656</CoordenatesYETRS89>
      <Latitude>43,245553729819484</Latitude>
      <Longitude>-2,960475856567045</Longitude>
      <Name>ARRAIZ (Monte)</Name>
      <Province>Bizkaia</Province>
      <Town>Bilbao</Town>
   </station>
   <station>
      <Address>Avda. Ategorrieta, 71</Address>
      <CoordenatesXETRS89>584272,2271</CoordenatesXETRS89>
      <CoordenatesYETRS89>4797096,9139</CoordenatesYETRS89>
      <Latitude>43,32199194732484</Latitude>
      <Longitude>-1,960650618338729</Longitude>
      <Name>ATEGORRIETA</Name>
      <Province>Gipuzkoa</Province>
      <Town>Donostia / San Sebastin</Town>
   </station>
   <station>
      <Address>Avda. Gasteiz, 97</Address>
      <CoordenatesXETRS89>526086,031</CoordenatesXETRS89>
      <CoordenatesYETRS89>4744738,1348</CoordenatesYETRS89>
      <Latitude>42,85478118366939</Latitude>
      <Longitude>-2,6807098224581067</Longitude>
      <Name>AV. GASTEIZ</Name>
      <Province>Araba</Province>
      <Town>Vitoria-Gasteiz</Town>
   </station>
   <station>
      <Address>C/ Andrestegi, 2 </Address>
      <CoordenatesXETRS89>580211,325</CoordenatesXETRS89>
      <CoordenatesYETRS89>4795650,4773</CoordenatesYETRS89>
      <Latitude>43,30941344063433</Latitude>
      <Longitude>-2,010938423674493</Longitude>
      <Name>AVDA. TOLOSA</Name>
      <Province>Gipuzkoa</Province>
      <Town>Donostia / San Sebastian</Town>
   </station>
   <station>
      <Address>C/ Perdillegi, s/n</Address>
      <CoordenatesXETRS89>559472,3</CoordenatesXETRS89>
      <CoordenatesYETRS89>4781104,8</CoordenatesYETRS89>
      <Latitude>43,180370053194196</Latitude>
      <Longitude>-2,2682104189344456</Longitude>
      <Name>AZPEITIA</Name>
      <Province>Gipuzkoa</Province>
      <Town>Azpeitia</Town>
   </station>
   <station>
      <Address>Avda. de Arga, 12 (Arga Txiki)</Address>
      <CoordenatesXETRS89>581469,0172</CoordenatesXETRS89>
      <CoordenatesYETRS89>4793568,2345</CoordenatesYETRS89>
      <Latitude>43,29053138556358</Latitude>
      <Longitude>-1,9957411467011474</Longitude>
      <Name>ARGA</Name>
      <Province>Gipuzkoa</Province>
      <Town>Donostia / San Sebastin</Town>
   </station>
   <station>
      <Address>Monte Banderas, s/n</Address>
      <CoordenatesXETRS89>503790,8</CoordenatesXETRS89>
      <CoordenatesYETRS89>4792020,1</CoordenatesYETRS89>
      <Latitude>43,28099012364825</Latitude>
      <Longitude>-2,953278416670214</Longitude>
      <Name>BANDERAS (meteo)</Name>
      <Province>Bizkaia</Province>
      <Town>Bilbao</Town>
   </station>
   <station>
      <Address>C/ Hogar propio, 7. CIFP Nico Larburu</Address>
      <CoordenatesXETRS89>501043,6789</CoordenatesXETRS89>
      <CoordenatesYETRS89>4793950,2238</CoordenatesYETRS89>
      <Latitude>43,298378997955</Latitude>
      <Longitude>-2,987132999827669</Longitude>
      <Name>BARAKALDO</Name>
      <Province>Bizkaia</Province>
      <Town>Barakaldo</Town>
   </station>
   <station>
      <Address>C/ Uribarri, 5. CEIP Bizkotxalde.</Address>
      <CoordenatesXETRS89>509437,3144</CoordenatesXETRS89>
      <CoordenatesYETRS89>4787599,1408</CoordenatesYETRS89>
      <Latitude>43,24113129588412</Latitude>
      <Longitude>-2,8837610228035238</Longitude>
      <Name>BASAURI</Name>
      <Province>Bizkaia</Province>
      <Town>Basauri</Town>
   </station>
   <station>
      <Address>Plaza Gipuzkoa, 1</Address>
      <CoordenatesXETRS89>565857,9851</CoordenatesXETRS89>
      <CoordenatesYETRS89>4766472,8521</CoordenatesYETRS89>
      <Latitude>43,04809432240711</Latitude>
      <Longitude>-2,191380269702985</Longitude>
      <Name>BEASAIN</Name>
      <Province>Gipuzkoa</Province>
      <Town>Beasain</Town>
   </station>
   <station>
      <Address>Parque Empresarial Boroa, s/n</Address>
      <CoordenatesXETRS89>520243,146</CoordenatesXETRS89>
      <CoordenatesYETRS89>4787042,3114</CoordenatesYETRS89>
      <Latitude>43,23590459584916</Latitude>
      <Longitude>-2,7506874305174405</Longitude>
      <Name>BOROA METEO</Name>
      <Province>Bizkaia</Province>
      <Town>Amorebieta-Etxano</Town>
   </station>
   <station>
      <Address>C/ Larrazabal, 1.  Castrejana</Address>
      <CoordenatesXETRS89>502154,4326</CoordenatesXETRS89>
      <CoordenatesYETRS89>4789475,0682</CoordenatesYETRS89>
      <Latitude>43,25807942736176</Latitude>
      <Longitude>-2,973456590856772</Longitude>
      <Name>CASTREJANA</Name>
      <Province>Bizkaia</Province>
      <Town>Barakaldo</Town>
   </station>
   <station>
      <Address>C/ San Roque, 20 bajo. E.S. Roque</Address>
      <CoordenatesXETRS89>529428,7974</CoordenatesXETRS89>
      <CoordenatesYETRS89>4779566,5562</CoordenatesYETRS89>
      <Latitude>43,168285997690994</Latitude>
      <Longitude>-2,6379580009450136</Longitude>
      <Name>DURANGO</Name>
      <Province>Bizkaia</Province>
      <Town>Durango</Town>
   </station>
   <station>
      <Address>Plaza del Centenario, s/n</Address>
      <CoordenatesXETRS89>582643,6267</CoordenatesXETRS89>
      <CoordenatesYETRS89>4795983,9845</CoordenatesYETRS89>
      <Latitude>43,31215280742268</Latitude>
      <Longitude>-1,9809008637096939</Longitude>
      <Name>EASO</Name>
      <Province>Gipuzkoa</Province>
      <Town>Donostia / San Sebastin</Town>
   </station>
   <station>
      <Address>C/ Gabriel Celaya, 8</Address>
      <CoordenatesXETRS89>531257,1773</CoordenatesXETRS89>
      <CoordenatesYETRS89>4707389,4714</CoordenatesYETRS89>
      <Latitude>42,51824807424149</Latitude>
      <Longitude>-2,61947521199466</Longitude>
      <Name>ELCIEGO</Name>
      <Province>Araba/lava</Province>
      <Town>Elciego</Town>
   </station>
   <station>
      <Address>Avda. Jos Luis Goyoaga, s/n (Pasaje de Altzaga)</Address>
      <CoordenatesXETRS89>501846</CoordenatesXETRS89>
      <CoordenatesYETRS89>4794425</CoordenatesYETRS89>
      <Latitude>43,3026526345891</Latitude>
      <Longitude>-2,9772399863752486</Longitude>
      <Name>ERANDIO</Name>
      <Province>Bizkaia</Province>
      <Town>Erandio</Town>
   </station>
   <station>
      <Address>Parque Europa. B Txurdinaga</Address>
      <CoordenatesXETRS89>507924,189</CoordenatesXETRS89>
      <CoordenatesYETRS89>4789127,4396</CoordenatesYETRS89>
      <Latitude>43,25491056506432</Latitude>
      <Longitude>-2,902376115931137</Longitude>
      <Name>EUROPA</Name>
      <Province>Bizkaia</Province>
      <Town>Bilbao</Town>
   </station>
   <station>
      <Address>Paseo Universidad, 7. Fac. Farmacia UPV</Address>
      <CoordenatesXETRS89>526757,9486</CoordenatesXETRS89>
      <CoordenatesYETRS89>4743110,3681</CoordenatesYETRS89>
      <Latitude>42,840099615592926</Latitude>
      <Longitude>-2,672563184280286</Longitude>
      <Name>FARMACIA</Name>
      <Province>Araba/lava</Province>
      <Town>Vitoria-Gasteiz</Town>
   </station>
   <station>
      <Address>C/ Rafael Moreno Pitxitxi, s/n</Address>
      <CoordenatesXETRS89>504257,1663</CoordenatesXETRS89>
      <CoordenatesYETRS89>4790269,2685</CoordenatesYETRS89>
      <Latitude>43,26522199716327</Latitude>
      <Longitude>-2,9475439999557134</Longitude>
      <Name>FERIA (meteo)</Name>
      <Province>Bizkaia</Province>
      <Town>Bilbao</Town>
   </station>
   <station>
      <Address>C/ Aristizabal, s/n. Centro de salud Hernani.</Address>
      <CoordenatesXETRS89>582962,7015</CoordenatesXETRS89>
      <CoordenatesYETRS89>4791020,6066</CoordenatesYETRS89>
      <Latitude>43,26743142273141</Latitude>
      <Longitude>-1,977715640356133</Longitude>
      <Name>HERNANI</Name>
      <Province>Gipuzkoa</Province>
      <Town>Hernani</Town>
   </station>
   <station>
      <Address>Monte Jaizkibel, s/n</Address>
      <CoordenatesXETRS89>592449,2822</CoordenatesXETRS89>
      <CoordenatesYETRS89>4799512,1706</CoordenatesYETRS89>
      <Latitude>43,342775184321106</Latitude>
      <Longitude>-1,8594129027945114</Longitude>
      <Name>JAIZKIBEL</Name>
      <Province>Gipuzkoa</Province>
      <Town>Hondarribia</Town>
   </station>
   <station>
      <Address>Barrio Berrezoaga, 3</Address>
      <CoordenatesXETRS89>516281,215</CoordenatesXETRS89>
      <CoordenatesYETRS89>4789843,71</CoordenatesYETRS89>
      <Latitude>43,261226121618066</Latitude>
      <Longitude>-2,799399084312731</Longitude>
      <Name>LARRABETZU</Name>
      <Province>Bizkaia</Province>
      <Town>Larrabetzu</Town>
   </station>
   <station>
      <Address>Plaza Trinidad, s/n. B Las Carreras</Address>
      <CoordenatesXETRS89>492102,56</CoordenatesXETRS89>
      <CoordenatesYETRS89>4796311,78</CoordenatesYETRS89>
      <Latitude>43,31960312849335</Latitude>
      <Longitude>-3,0973975060209376</Longitude>
      <Name>LAS CARRERAS</Name>
      <Province>Bizkaia</Province>
      <Town>Abanto y Cirvana-Abanto Zierbena</Town>
   </station>
   <station>
      <Address>Parque Tximistarreta</Address>
      <CoordenatesXETRS89>579600,13</CoordenatesXETRS89>
      <CoordenatesYETRS89>4791121,24</CoordenatesYETRS89>
      <Latitude>43,26870022418793</Latitude>
      <Longitude>-2,0191293415933154</Longitude>
      <Name>LASARTE-ORIA</Name>
      <Province>Gipuzkoa</Province>
      <Town>Lasarte-Oria</Town>
   </station>
   <station>
      <Address>Plaza Polantzarene, s/n</Address>
      <CoordenatesXETRS89>589179,9795</CoordenatesXETRS89>
      <CoordenatesYETRS89>4797107,63</CoordenatesYETRS89>
      <Latitude>43,32152243586307</Latitude>
      <Longitude>-1,900131049811533</Longitude>
      <Name>LEZO</Name>
      <Province>Gipuzkoa</Province>
      <Town>Lezo</Town>
   </station>
   <station>
      <Address>C/ Lamuza, s/n</Address>
      <CoordenatesXETRS89>502977,4251</CoordenatesXETRS89>
      <CoordenatesYETRS89>4776809,8177</CoordenatesYETRS89>
      <Latitude>43,1440289422417</Latitude>
      <Longitude>-2,9633852821260223</Longitude>
      <Name>LLODIO</Name>
      <Province>Araba/lava</Province>
      <Town>Laudio/Llodio</Town>
   </station>
   <station>
      <Address>Parque Judizmendi. B Judizmendi</Address>
      <CoordenatesXETRS89>527682,4365</CoordenatesXETRS89>
      <CoordenatesYETRS89>4743514,1634</CoordenatesYETRS89>
      <Latitude>42,84370295644861</Latitude>
      <Longitude>-2,661230556636825</Longitude>
      <Name>LOS HERRAN</Name>
      <Province>Araba/lava</Province>
      <Town>Vitoria-Gasteiz</Town>
   </station>
   <station>
      <Address>C/ Alameda Mazarredo, s/n (Guggenheim)</Address>
      <CoordenatesXETRS89>505259,7354</CoordenatesXETRS89>
      <CoordenatesYETRS89>4790523,5641</CoordenatesYETRS89>
      <Latitude>43,26750551179745</Latitude>
      <Longitude>-2,935188110338201</Longitude>
      <Name>MAZARREDO</Name>
      <Province>Bizkaia</Province>
      <Town>Bilbao</Town>
   </station>
   <station>
      <Address>Plaza Jose Mara Arizmendiarrieta, s/n</Address>
      <CoordenatesXETRS89>541493,746</CoordenatesXETRS89>
      <CoordenatesYETRS89>4768061,3417</CoordenatesYETRS89>
      <Latitude>43,06412079434686</Latitude>
      <Longitude>-2,4903966831445423</Longitude>
      <Name>MONDRAGON</Name>
      <Province>Gipuzkoa</Province>
      <Town>Arrasate/Mondragn</Town>
   </station>
   <station>
      <Address>Barrio Montorra fte. n5</Address>
      <CoordenatesXETRS89>523021,9544</CoordenatesXETRS89>
      <CoordenatesYETRS89>4784064,8793</CoordenatesYETRS89>
      <Latitude>43,209014222504145</Latitude>
      <Longitude>-2,7165885073623226</Longitude>
      <Name>MONTORRA</Name>
      <Province>Bizkaia</Province>
      <Town>Amorebieta-Etxano</Town>
   </station>
   <station>
      <Address>Camino Goitiz, s/n. Depsito de Agua</Address>
      <CoordenatesXETRS89>524035,1288</CoordenatesXETRS89>
      <CoordenatesYETRS89>4805932,4502</CoordenatesYETRS89>
      <Latitude>43,40588884294258</Latitude>
      <Longitude>-2,7031593675211343</Longitude>
      <Name>MUNDAKA</Name>
      <Province>Bizkaia</Province>
      <Town>Mundaka</Town>
   </station>
   <station>
      <Address>C/ Llano, 55. CEP Munoa. B Lutxana</Address>
      <CoordenatesXETRS89>501728,39</CoordenatesXETRS89>
      <CoordenatesYETRS89>4792529,8721</CoordenatesYETRS89>
      <Latitude>43,28558799716144</Latitude>
      <Longitude>-2,978696000976749</Longitude>
      <Name>MUNOA</Name>
      <Province>Bizkaia</Province>
      <Town>Barakaldo</Town>
   </station>
   <station>
      <Address>C/ Giba Fregenal, s/n. Estacin de Renfe</Address>
      <CoordenatesXETRS89>490860,6099</CoordenatesXETRS89>
      <CoordenatesYETRS89>4796436,6121</CoordenatesYETRS89>
      <Latitude>43,32071311956527</Latitude>
      <Longitude>-3,1127162723783197</Longitude>
      <Name>MUSKIZ</Name>
      <Province>Bizkaia</Province>
      <Town>Muskiz</Town>
   </station>
   <station>
      <Address>C/ Iturrikosolo, s/n</Address>
      <CoordenatesXETRS89>505646,6</CoordenatesXETRS89>
      <CoordenatesYETRS89>4793957,2</CoordenatesYETRS89>
      <Latitude>43,29842135635236</Latitude>
      <Longitude>-2,93038581833024</Longitude>
      <Name>SANGRONIZ</Name>
      <Province>Bizkaia</Province>
      <Town>Sondika</Town>
   </station>
   <station>
      <Address>C/ Vista Alegre, 29 </Address>
      <CoordenatesXETRS89>496549,7975</CoordenatesXETRS89>
      <CoordenatesYETRS89>4797797,1715</CoordenatesYETRS89>
      <Latitude>43,33301199742545</Latitude>
      <Longitude>-3,042560000349237</Longitude>
      <Name>SANTURCE</Name>
      <Province>Bizkaia</Province>
      <Town>Santurtzi</Town>
   </station>
   <station>
      <Address>Camino Serantes igoera, s/n</Address>
      <CoordenatesXETRS89>494893,6762</CoordenatesXETRS89>
      <CoordenatesYETRS89>4797956,4394</CoordenatesYETRS89>
      <Latitude>43,3344367083824</Latitude>
      <Longitude>-3,0629905698856272</Longitude>
      <Name>SERANTES</Name>
      <Province>Bizkaia</Province>
      <Town>Santurtzi</Town>
   </station>
   <station>
      <Address>Parque Portopin</Address>
      <CoordenatesXETRS89>500328,4875</CoordenatesXETRS89>
      <CoordenatesYETRS89>4794988,1863</CoordenatesYETRS89>
      <Latitude>43,307726099387494</Latitude>
      <Longitude>-2,9959496198447484</Longitude>
      <Name>SESTAO</Name>
      <Province>Bizkaia</Province>
      <Town>Sestao</Town>
   </station>
   <station>
      <Address>Avda. Martin Jose Iraola, 23</Address>
      <CoordenatesXETRS89>574991,16</CoordenatesXETRS89>
      <CoordenatesYETRS89>4775750,46</CoordenatesYETRS89>
      <Latitude>43,13078067861342</Latitude>
      <Longitude>-2,078002156707588</Longitude>
      <Name>TOLOSA</Name>
      <Province>Gipuzkoa</Province>
      <Town>Tolosa</Town>
   </station>
   <station>
      <Address>San Inazio</Address>
      <CoordenatesXETRS89>577047</CoordenatesXETRS89>
      <CoordenatesYETRS89>4791656</CoordenatesYETRS89>
      <Latitude>43,27378032307657</Latitude>
      <Longitude>-2,0505110667115676</Longitude>
      <Name>USURBIL</Name>
      <Province>Gipuzkoa</Province>
      <Town>Usurbil</Town>
   </station>
   <station>
      <Address>Avda. Kosme Bibanko Etxebarria, 2</Address>
      <CoordenatesXETRS89>489078,1917</CoordenatesXETRS89>
      <CoordenatesYETRS89>4784461,4469</CoordenatesYETRS89>
      <Latitude>43,2128572411877</Latitude>
      <Longitude>-3,134461258966499</Longitude>
      <Name>ZALLA</Name>
      <Province>Bizkaia</Province>
      <Town>Zalla</Town>
   </station>
   <station>
      <Address>Parque Zelaieta </Address>
      <CoordenatesXETRS89>521563,7353</CoordenatesXETRS89>
      <CoordenatesYETRS89>4785158,5803</CoordenatesYETRS89>
      <Latitude>43,21890568490462</Latitude>
      <Longitude>-2,7344969803118295</Longitude>
      <Name>ZELAIETA PARQUE</Name>
      <Province>Bizkaia</Province>
      <Town>Amorebieta-Etxano</Town>
   </station>
   <station>
      <Address>Grupo Izazpi 3, 6 </Address>
      <CoordenatesXETRS89>555656,194</CoordenatesXETRS89>
      <CoordenatesYETRS89>4770489,269</CoordenatesYETRS89>
      <Latitude>43,08507598449891</Latitude>
      <Longitude>-2,316228856182885</Longitude>
      <Name>ZUMARRAGA</Name>
      <Province>Gipuzkoa</Province>
      <Town>Zumarraga</Town>
   </station>
</stations>